apk_path,label,complexity_score,analysis_time,permissions_count,native_code_count,obfuscated_strings_count,dynamic_code_use_count,apk_entropy,code_length,file_size,file_hash,first_submission_date
./AndroidAPKSamples/Malware/SMS Malware/Jifake/3fd5a098f2b8e5a147fbca1f4b8b8f22.apk,malware,0.9632550297688683,0.011958122253417969,21,0,0,0,2.510796596514183,216,0.021261215209960938,3e6d5238097d21e363f77be4179bc0b715648827e1a97909b700b0781a30195b,2011-09-15 22:08:02
./AndroidAPKSamples/Malware/SMS Malware/Jifake/3a8d580df0be5797e49c2d85aae25aae.apk,malware,1.1294641027321919,0.021502256393432617,2,0,1,0,2.550023634304074,1326,0.1210479736328125,ffdae5b124392d6c22806f1126487c219b360c444072ea62110edc16e109f5a4,2017-05-30 05:48:27
./AndroidAPKSamples/Malware/SMS Malware/Jifake/0c5b06142035314e25a062f04aaa1b00.apk,malware,0.9252247222384422,0.012579917907714844,2,0,0,0,2.267383057520286,745,0.09121513366699219,cc80ff2950ecb590de097479af0daaa6d5ee3cac37a47559606802e7d052eaff,2017-05-30 07:51:41
./AndroidAPKSamples/Malware/SMS Malware/Jifake/4aed54ec11434839b7d13b8a34c3b085.apk,malware,1.0497156451657732,0.007189035415649414,21,0,0,0,2.7263834639113007,272,0.024369239807128906,7e55d553392c637617744606a260cf56155903605054e789f190793e80a72f24,2011-10-30 18:50:39
./AndroidAPKSamples/Malware/SMS Malware/Jifake/4aff6ec54c15f95e75a453460fd744ff.apk,malware,3.3681143614045026,0.23492908477783203,21,0,60,0,3.456292605652078,714,0.1209268569946289,3bc47fb478b1bd3ddec3a76b39b7c26d57557c8d65082f3e18d077cb97a8c7e0,2017-06-25 04:58:58
./AndroidAPKSamples/Malware/SMS Malware/Jifake/0a6bd6d44fc7865847c5cc521be5edd0.apk,malware,1.04647776834715,0.007971048355102539,21,0,0,0,2.7178257629963722,272,0.018621444702148438,c67bb5a16171b7cbd4a341ad93de8e55e5cae1f90dc62e6eb8201bc969f4ff66,2011-10-28 19:25:42
./AndroidAPKSamples/Malware/SMS Malware/Jifake/0d35dc4a58697fc003531f7edbde9f9c.apk,malware,1.128924022889815,0.021424055099487305,2,0,1,0,2.5485875412641157,1326,0.12073898315429688,7b0bb3b099e1a849ac8efdfbcf96a375df719594603130ae3026d6aaeee52972,2013-08-13 16:45:06
./AndroidAPKSamples/Malware/SMS Malware/Jifake/4a920426e5ed54cce87c2cb30d4c88db.apk,malware,1.1878022215467265,0.02258777618408203,3,0,1,0,2.671275759024507,1459,0.03476238250732422,795e46e099116e968cc9bd4ebb29a87c56e5591d804403ae2f8b6a497dadcec0,2011-09-04 11:01:01
./AndroidAPKSamples/Malware/SMS Malware/Jifake/0f1553bddd194d6597a215c69326828b.apk,malware,3.022826666360869,0.23629117012023926,21,0,43,0,3.300642312383054,645,0.11715984344482422,a88bdbd2170e2e9d1e20d1276fbe8c5cea75746c651e9f77170ed5f5480be5a7,2012-02-06 18:25:35
./AndroidAPKSamples/Malware/SMS Malware/Jifake/1fa16f1bbcfa2f8254bbc9b59af14ec2.apk,malware,1.166608724046529,0.020079851150512695,24,0,2,0,2.7133516770065644,689,0.04036903381347656,fcc95edf50ebe161e24ad0c66bc90c78faccbb236656d4e5ec00c2b0576c1ae6,2016-02-12 11:18:22
./AndroidAPKSamples/Malware/SMS Malware/Fakenotify/0b5697a9975bc9e978fc96a0333443c8.apk,malware,1.4032509884964761,0.05391716957092285,7,0,1,0,2.6490906502117944,3694,0.08839893341064453,fb1bc320b49851a716eb09f95b7e8a4f4128f4b5fb6cda44fc93504362022e1a,2017-05-30 00:23:02
./AndroidAPKSamples/Malware/SMS Malware/Fakenotify/6b0ba04a1ac9aa527ed6c4aef668993d.apk,malware,1.8751700527492166,0.05809807777404785,7,0,1,0,2.687739839761257,8269,0.07352256774902344,c15bd7f5fc9a995f2bb6ede5bd9d518c432623557d09f953f70108ec0d01437a,2017-05-30 00:14:51
./AndroidAPKSamples/Malware/SMS Malware/Fakenotify/0c19dc80f0190c6c29345bf01bc840f0.apk,malware,1.4028821888170984,0.040071964263916016,7,0,1,0,2.647996062268773,3694,0.09673309326171875,fb8260b2915dfe5611bb6cae16dd095e184315811f471a504ec6e9b7ff53436c,2012-02-14 20:01:01
./AndroidAPKSamples/Malware/SMS Malware/Fakenotify/5e0da2476bb8ab81281bb61edfc84e18.apk,malware,1.4028823747835901,0.03983330726623535,7,0,1,0,2.647996062268773,3694,0.0967702865600586,fa8cec0e8927c172c84e343797921bf63bf183896bdf913fe41a810263d89a6e,2012-02-14 01:35:29
./AndroidAPKSamples/Malware/SMS Malware/Fakenotify/2d84afd761b473eff0069e9e0de97e16.apk,malware,1.4029052915774134,0.059329986572265625,7,0,1,0,2.647996062268773,3694,0.10135364532470703,423ff1ed2972f74fe33c3e7ba2e25a44f244f4b786b19cc6d09492de07193db0,2017-06-01 17:28:59
./AndroidAPKSamples/Malware/SMS Malware/Fakenotify/6b14aeb8a008966298349423517b2184.apk,malware,1.4028536930285243,0.040487051010131836,7,0,1,0,2.647996062268773,3694,0.091033935546875,4a72a7a1a1bd5b761c69240efed4eb4c54d95c935f5e4f6261f4b5976aaeb747,2016-01-21 21:26:44
./AndroidAPKSamples/Malware/SMS Malware/Fakenotify/3e4f620b98908090340dab1b790c4bfe.apk,malware,1.4105859900951745,0.03748679161071777,7,0,1,0,2.6771767459870337,3663,0.06894207000732422,5c42715208a4a3a1d1c91c0eaf586032f87129c32779f743d83f02bf4e5af4cb,2016-02-07 14:24:52
./AndroidAPKSamples/Malware/SMS Malware/Fakenotify/2e6290ea191c3e9c4a93c38db6f38c8e.apk,malware,1.402926162739828,0.03929710388183594,7,0,1,0,2.647996062268773,3694,0.10552787780761719,f9f3ca1e01c128cb21279e2c7db45286d31f05e309bbbf9ad77804a361887783,2012-03-14 14:44:34
./AndroidAPKSamples/Malware/SMS Malware/Fakenotify/2acd800a5c95d73c493ed148748a643a.apk,malware,1.4028949108324793,0.039839982986450195,7,0,1,0,2.647996062268773,3694,0.09927749633789062,ef8c71b0bf168f8bf120d56cb38a2476ab6284e0819611e83452f048ffe32138,2012-02-14 19:46:43
./AndroidAPKSamples/Malware/SMS Malware/Fakenotify/2f4e363556c508921924e5a35f8c1665.apk,malware,1.4029257192812707,0.059890031814575195,7,0,1,0,2.647996062268773,3694,0.1054391860961914,bce27e12e8d77b15176b8343a8fa3b549308ad5517ba66adfd7509012af6bbe0,2016-01-21 18:47:11
./AndroidAPKSamples/Malware/SMS Malware/Nandrobox/04276665aaa3725ea34097c4c874873c.apk,malware,4.306798757792936,9.564757108688354,55,0,601,0,3.333339434945387,728149,11.359293937683105,ed9c5c0eb43e364ab9c3b703e79ded2224d344aea1c8baf00bec92e20edf99f2,2017-06-25 10:13:58
./AndroidAPKSamples/Malware/SMS Malware/Nandrobox/0685192d16888b55e8c581f416dc7e22.apk,malware,3.814699614285643,1.3437600135803223,12,0,49,0,2.2654475981373654,57958,1.0313529968261719,ece76e88fe8ae47beb529f0546c3c8d360d40c50e7b7aa3c6a783b8b53e3c79c,2012-07-12 03:05:32
./AndroidAPKSamples/Malware/SMS Malware/Nandrobox/0e7856d1685a712cfa62f6f23957d89c.apk,malware,4.1257551983956775,1.819068193435669,13,0,146,0,2.9469514920881785,158146,4.129677772521973,4b882beee1e5ff00997ae380b9fd4a87187ad53c7a7eae59027181743fcdc280,2013-12-14 03:35:09
./AndroidAPKSamples/Malware/SMS Malware/Nandrobox/03f9eff3229e3a4eefc9224f916202b8.apk,malware,4.281982326243064,8.65029501914978,39,0,491,0,3.289237339585994,638009,9.703664779663086,8fde04d339b1b2a3cd53d9184cb5743a2fa8135a022234d3008db4d4920e01c1,2016-09-25 19:12:19
./AndroidAPKSamples/Malware/SMS Malware/Nandrobox/0adcc06fe300df345a48c49c66801e42.apk,malware,3.675369858366181,0.41171717643737793,9,0,41,0,2.738974837255292,35691,1.6508588790893555,f2f1cd6b39754d4b626c3b68e9887a4460731601ad7b5de5a115fe2da6502e53,2013-11-08 13:39:05
./AndroidAPKSamples/Malware/SMS Malware/Nandrobox/1331ae4b33daabf7ac0462cf03babf6a.apk,malware,4.302160895174335,9.746696949005127,55,0,540,0,3.3303539474953294,680579,10.655632972717285,f297799d049129da412e830157e707c07073c3cca63d34cf116839b20524c7ae,2017-06-03 05:56:12
./AndroidAPKSamples/Malware/SMS Malware/Nandrobox/079b54972ba05f0e4652c46559d40604.apk,malware,4.127483760668918,2.69773530960083,12,0,89,0,2.9656438873982003,181142,3.073460578918457,605e4da6f72609106258ea12a953df021cfd8e4bf151fc020ba11b021b61b89d,2014-03-20 07:03:35
./AndroidAPKSamples/Malware/SMS Malware/Nandrobox/14a457989137585d27e4942c3ef1e0c4.apk,malware,2.4118049400375834,0.6481091976165771,12,0,12,0,2.455992347220991,55871,2.161561965942383,4a42c6b385361c356fb3524794be7772f6282aa46ee90cf2d3f88f4a9b273f9e,2012-07-20 12:38:32
./AndroidAPKSamples/Malware/SMS Malware/Nandrobox/0090db3654c2bfe6925f5ace023399d9.apk,malware,4.1269857191562735,2.562488079071045,9,0,76,0,2.960710875066143,188458,3.3438282012939453,529c67f49fb3b044862091349d5c3fd4f711cd914eb0b0955f7a2f9bb63ad689,2017-05-21 05:14:47
./AndroidAPKSamples/Malware/SMS Malware/Nandrobox/11f666e80b3cb75d5a9c4c334c08cb0c.apk,malware,4.306815099985241,10.28457498550415,55,0,603,0,3.3334904359998694,728061,11.351237297058105,e3763492d8ef9165fcf5d04ca9abd6efff9b64a49c463636b1707cae534e47dd,2017-06-19 02:23:02
./AndroidAPKSamples/Malware/SMS Malware/Nandrobox/0c5a4e855d1842f3548a0e761b7cfdba.apk,malware,2.5516628545862017,0.38478517532348633,4,0,12,0,2.8458580892196177,68672,0.893214225769043,81c728fe37a00d71ae8b053f9dce637c9831c28487a6f66f13fc3fd723f83497,2011-02-09 09:59:26
./AndroidAPKSamples/Malware/SMS Malware/MazarBot/49dac3b35afb2e8d3605c72d0d83f631.apk,malware,3.7880056588924647,0.5727200508117676,11,0,40,0,3.1557042612173087,37633,0.9233121871948242,0a5d2765414520d695567cdd4fe4f8db8e577d88c76e0daa362d7dcbc2bf6c1d,2016-02-26 12:24:28
./AndroidAPKSamples/Malware/SMS Malware/MazarBot/1a4a6d135629d56917366d18c99ed316.apk,malware,4.203352801327978,2.072335958480835,10,0,155,0,3.191941800448825,85998,1.2749252319335938,4ea35fa8d37529f307f92f367a3d618bb5526cd38f285cbd2a92ea251cd91c42,2017-05-11 21:48:11
./AndroidAPKSamples/Malware/SMS Malware/MazarBot/2f4d81ef1b10bf72d0dba0fdf354527f.apk,malware,2.67967215220063,0.18392205238342285,10,0,15,0,2.870199487472351,14454,0.669468879699707,4120829a12eaa425de54e4170d0248ac62865303e2816f5ec6001b459bc4b3a2,2016-03-25 16:46:42
./AndroidAPKSamples/Malware/SMS Malware/MazarBot/1d0fd6e8601af2f9299d1cf8e86ecebd.apk,malware,4.259390977218674,10.080620050430298,29,0,773,0,3.2664990446168214,741335,6.8907670974731445,54001082a44b9709f77205d640caf971defe58017e9ec0078bcf18c3a91fd96b,2017-06-08 15:56:59
./AndroidAPKSamples/Malware/SMS Malware/MazarBot/40449a2ec48c3e630b2eb8c8089828cf.apk,malware,1.6618391819018823,0.06720900535583496,11,0,0,0,2.2015151255339256,8329,0.6742019653320312,b51567440068be05db737306c31c3837b8459efe0dabd45d93e780aad8f0447a,2016-04-21 10:50:32
./AndroidAPKSamples/Malware/SMS Malware/MazarBot/234115774e10aa7c34c359091ba09f38.apk,malware,3.7782519523401117,1.2104368209838867,9,0,40,0,3.1264806472193025,38787,1.164341926574707,aca4e3462d77f228b556c56f59ba79c0070b4115357925f4833ce0480c3d9651,2017-05-11 21:47:26
./AndroidAPKSamples/Malware/SMS Malware/MazarBot/3841abcef2b1b37aa7e2d47c535ca80e.apk,malware,2.6757891044891147,0.22387313842773438,11,0,15,0,2.863102406892848,13619,0.425140380859375,9efa16125de476183f9fc8fc06f84896dee8f0bcc920e31288f3add6e91c4ea7,2016-02-24 14:19:57
./AndroidAPKSamples/Malware/SMS Malware/MazarBot/3f85dc61d4d24d185e0d4c9f0807ed11.apk,malware,4.246075989194679,10.137709140777588,9,0,773,0,3.2663943263900745,741234,4.235623359680176,31233c196ed643e30dd64c26c5f660f0031517a40558f587c5ca226450080db5,2017-06-07 19:53:30
./AndroidAPKSamples/Malware/SMS Malware/MazarBot/2b90fca41272bec8b8ffefbb2456c001.apk,malware,1.7094757167958818,0.0878300666809082,11,0,0,0,2.225093523699337,8717,0.6731290817260742,eb2ce0c84cdd45f5b0c5dbc80efe24d3fe465e88d9254cba2796a595d9eb47a2,2016-04-21 06:27:26
./AndroidAPKSamples/Malware/SMS Malware/Plankton/09bd989ecbad4964eab2258b1455c7b4.apk,malware,4.19066393243471,1.7627418041229248,22,0,85,0,3.1382533864762827,83193,2.763782501220703,50043ba8693639bbd00ce65842d7fabdd3da8c89e8d18b16bcffb701e6dab2e4,2012-09-11 01:39:09
./AndroidAPKSamples/Malware/SMS Malware/Plankton/00df7b716f539fb3cc7815ca93b5768f.apk,malware,3.688731038560839,0.5903408527374268,7,0,38,0,3.1134413846078757,34643,0.23810386657714844,0d3bdfdcda88636b1a16d92f5479496ffe94f5a83fdf508b009e1b8c6ed7f3d0,2017-06-22 17:52:39
./AndroidAPKSamples/Malware/SMS Malware/Plankton/0e3294e4ff1019164bb91ea0a67a51e6.apk,malware,4.178818942560421,1.404005765914917,25,0,83,0,3.131646961248363,83541,0.8902664184570312,fbeca75540ae997403a382596d966e3490c59a8186998712a337a45b92e97adb,2012-08-22 19:44:33
./AndroidAPKSamples/Malware/SMS Malware/Plankton/011889b7c5892e514b1c833d6bd4c476.apk,malware,4.1282752835154986,1.6319999694824219,18,0,117,0,3.0005345247587782,107008,0.6149673461914062,94459168443fd3ec3633deaf0a020f9e6b3482278e622f6778b560e4ac5c9804,2012-09-09 08:37:13
./AndroidAPKSamples/Malware/SMS Malware/Plankton/04b2c5d39ba3f3c65a22b7ea0bcfa36a.apk,malware,4.201940004111037,1.4798409938812256,23,0,117,0,3.184138455074908,87056,1.5776166915893555,681469179d63440b0d40b6158c49a3efcb4d729bb333af70c9575743812c7646,2012-09-22 15:58:14
./AndroidAPKSamples/Malware/SMS Malware/Plankton/02f3ddaada005263619aebdb2d2a14e0.apk,malware,4.186460174681079,1.6028430461883545,26,0,104,0,3.1359474287068356,106855,2.095977783203125,4d9b38fcf8375640b9e7631e0b54ade9186781ce67804c4293a887541ffc406a,2014-12-13 22:40:51
./AndroidAPKSamples/Malware/SMS Malware/Plankton/00a419a4ffe1819a51207b3140592734.apk,malware,3.7117881976613485,1.0516307353973389,31,0,37,0,3.22618671709937,71953,4.3936357498168945,032048f2a8854acb8186e288c40815e2b7e05dade1d1dedbc3bea5fae5e1d59b,2012-09-18 12:37:36
./AndroidAPKSamples/Malware/SMS Malware/Plankton/0a92c1b67f2cd4d49e8d878f313bc2c3.apk,malware,4.186682178854701,0.8706469535827637,30,0,80,0,3.154907512346262,51590,0.7183723449707031,9b9cad2b38614d4b90d08a0373a8f6540fcb051668cd241182c1f2f59092f742,2017-06-26 22:22:35
./AndroidAPKSamples/Malware/SMS Malware/Plankton/0378f0cf4e7241a4c0f5a0722e601638.apk,malware,3.5857134018303713,1.0710339546203613,34,0,33,0,3.145020602004199,77307,17.266135215759277,8ceafda2635ae02b894480fbc400ed593976c2f0f7d087044c4e568cc5fa5acf,2013-08-07 08:37:27
./AndroidAPKSamples/Malware/SMS Malware/Plankton/0709f23a82b4110d7333a5bdd81e799a.apk,malware,4.2119310325752926,1.5593810081481934,17,0,92,0,3.2080767807354498,112026,1.7804479598999023,0755086e94d0e11dea086684ba253eca459a88deb4e5b92f9a316ae6afb7e4d6,2012-03-30 21:52:35
./AndroidAPKSamples/Malware/SMS Malware/SMSsniffer/c9e3af6a4429197c05c18408f9f287ee.apk,malware,0.9878644213022437,0.010500907897949219,30,0,0,0,2.5684714224025003,246,0.01752758026123047,09a02b4e17cd871c2a5ddbed1f71b83edd46f870197e2ef503cff628a5edef33,2011-07-13 21:23:07
./AndroidAPKSamples/Malware/SMS Malware/SMSsniffer/0eee13df20ee4ad1f60305dacc661873.apk,malware,1.1010551077182602,0.017663002014160156,31,0,1,0,2.6257314474252884,763,0.021162986755371094,8d5dd537905b0f1cb04fa755ef18518db0929b82b0a77fe8efea8b3473ba8ce3,2012-03-12 21:19:22
./AndroidAPKSamples/Malware/SMS Malware/SMSsniffer/b1ae0d9a2792193bff8c129c80180ab0.apk,malware,1.1795475042222345,0.024378061294555664,32,0,1,0,2.7369798573489725,1122,0.19601154327392578,5e43837a72ff33168df7c877b07a3c89ad64b82a2719be1cd2601be552b07114,2012-06-13 10:53:57
./AndroidAPKSamples/Malware/SMS Malware/SMSsniffer/a1593777ac80b828d2d520d24809829d.apk,malware,1.1789996192005983,0.024177074432373047,32,0,1,0,2.735505339311947,1122,0.1970233917236328,8473f9c732d3e026d79c866b47342b39b502ad0ee8859a345c5b61e199372ddc,2012-04-04 11:14:59
./AndroidAPKSamples/Malware/SMS Malware/SMSsniffer/e9068f116991b2ee7dcd6f2a4ecdd141.apk,malware,1.1699128942361072,0.02511119842529297,32,0,1,0,2.6872607085838833,1212,0.19802570343017578,99621de457d2ff5d192cd7b27f64f3c7ad64aab2e60ad22610076850aaa2828c,2012-06-19 01:52:29
./AndroidAPKSamples/Malware/SMS Malware/SMSsniffer/82fb2b41e1e0155c50d2a2c850180cc4.apk,malware,1.2441687606955107,0.027293920516967773,32,0,1,0,2.7172696894710695,1842,0.19852542877197266,82d121aa2d4cfef4be46600dac4a3440bc6e7c0ead902d1fa3c8c6df4ead6341,2017-06-01 19:09:24
./AndroidAPKSamples/Malware/SMS Malware/SMSsniffer/af1863dd2babc0f8c0f5a4523ac8e294.apk,malware,1.179605366921119,0.024616003036499023,32,0,1,0,2.737107747458596,1122,0.19799232482910156,bd7fc2f4df83a74f3d6a067d409799477af9a6e2245cd2dd64217b40c677d54d,2017-05-11 21:48:24
./AndroidAPKSamples/Malware/SMS Malware/SMSsniffer/6bfad4df4b512260973a54753b1494ef.apk,malware,1.2428523300994105,0.027954816818237305,32,0,1,0,2.71749280824361,1828,0.19850540161132812,3f001ecb79200d6397e45a914155d7172b0eb16367135e2ddeb23dde00612c66,2017-06-01 18:08:33
./AndroidAPKSamples/Malware/SMS Malware/SMSsniffer/a92301c54d8bcd96a9f405a313b375e7.apk,malware,1.1699138717522815,0.025455236434936523,32,0,1,0,2.6872607085838833,1212,0.19822120666503906,7d88b7cd27b0805938cfd6f2819e9386af42090632f81859ac023392162ec70e,2017-06-18 16:05:45
./AndroidAPKSamples/Malware/SMS Malware/FakeInst/01f12b685fd71182606d622163f55ddf.apk,malware,4.2705175285729675,6.205722093582153,26,0,384,0,3.0885739848859854,524501,22.46045684814453,1e87932942c155333b0c4680d8a4e54090f5a76d6b29f4d2dd409a92ddb08033,2017-07-03 11:09:40
./AndroidAPKSamples/Malware/SMS Malware/FakeInst/15b16c10d315bf738c2273e83f093530.apk,malware,4.212500748060785,0.9042770862579346,5,0,128,0,3.223628894548001,53877,0.7279825210571289,e30774b18c216c309539382a0fdeb14d4690827446b69180a758da019d9b04a6,2017-07-03 11:07:11
./AndroidAPKSamples/Malware/SMS Malware/FakeInst/4f9a18692f7adbfcaedb0e6f4fdecc9a.apk,malware,0.8737758742388821,0.009765148162841797,84,0,0,0,2.282865295170873,137,0.8002777099609375,6331d7a16b917e5711fe6ca76cb8d48bae28bce59787f810415e754be9257bc1,2017-07-03 05:01:07
./AndroidAPKSamples/Malware/SMS Malware/FakeInst/19ba83c546250a5acf4e2d59623c3c40.apk,malware,4.210737958445835,1.3788950443267822,5,0,128,0,3.2237448260378514,53869,0.366729736328125,c2841cf9f03b02c867bb23d82615939ebb39a2266b1a2d6b5740d0382a439476,2017-07-03 03:56:05
./AndroidAPKSamples/Malware/SMS Malware/FakeInst/015893103a16ab984c491180a53e7319.apk,malware,2.2702370978801385,0.2097761631011963,21,0,5,0,2.9100721210397444,9760,0.592010498046875,2a78ef24571a66f16f0f153400ad518473513452a4e36c082e20fc59bba677da,2017-07-01 01:21:37
./AndroidAPKSamples/Malware/SMS Malware/FakeInst/226ca1802f0ad1811b0a19986cbbfff6.apk,malware,4.244465074376378,2.9951260089874268,50,0,111,0,3.2586485031872674,232443,4.494377136230469,c5f40861342f3da4b1fba32c4cbd0c156b0433e20f8378951b829e0804fd5816,2014-02-25 20:10:05
./AndroidAPKSamples/Malware/SMS Malware/FakeInst/2cbadcc6a5474687a4f6a7f4183d835c.apk,malware,4.404256476652487,0.1530780792236328,19,0,586,0,3.8328199210163314,9162,10.149801254272461,d8b9efa1d0065d37682f0105ccf44e937c38e3f29baabdf6f807feb1321b53a1,2017-07-03 02:42:33
./AndroidAPKSamples/Malware/SMS Malware/FakeInst/173cff6affac71ab04d5a12521883eb2.apk,malware,4.210621408842646,1.2157139778137207,5,0,128,0,3.223628894548001,53877,0.3521146774291992,128e514ba4a1d096aa4ecf46d198013e9c79f30b3f0551eac88c3d993e5e1d5d,2017-07-03 12:47:12
./AndroidAPKSamples/Malware/SMS Malware/FakeInst/1c17f0f46246b0a3a0ca460f42490b20.apk,malware,2.0376233700240873,0.4380910396575928,3,0,2,0,2.508189183162377,55095,3.41048526763916,8d3cbf6326628e2973717cd7618cb97e79f1d554431c6b1fd285369dcf6a17d4,2017-07-03 09:22:31
./AndroidAPKSamples/Malware/SMS Malware/Zsone/4b4ae7e9d584f0d01928cb1c8d5d3837.apk,malware,3.193493454311638,0.23778271675109863,20,0,28,0,2.861428966136373,16126,0.09151840209960938,6360966cec02148db80d8c73049f5fb1a9740d8468fb5f53cb8501e0aa3dff9c,2017-05-18 18:40:55
./AndroidAPKSamples/Malware/SMS Malware/Zsone/1ecc3627858375bf968978156cb70562.apk,malware,3.1530294805207264,0.2173919677734375,20,0,27,0,2.8602059187990854,15955,0.09045219421386719,5fb15c020be46cdc85cbc1246d25a5ebd3dc45184e8701948da4eda2615528f6,2017-05-18 19:20:28
./AndroidAPKSamples/Malware/SMS Malware/Zsone/1d33631145ab19b51b2e404845d3256c.apk,malware,2.42518534760599,0.20220685005187988,5,0,9,0,2.835803047310635,15094,0.3518409729003906,b25da246e48c46c37eca75a3a5e7f2fb12e8ab581dfaf3c5866b82ceeffbc309,2011-05-12 20:37:42
./AndroidAPKSamples/Malware/SMS Malware/Zsone/3e3dcd7021328709748e56d885e122ae.apk,malware,3.1525620799849037,0.21369600296020508,20,0,27,0,2.8589610559647887,15934,0.09033679962158203,00049d038a2abc2d5fe3b190d6cf5c1cb1ba63441defdf136be251c7a00727d8,2017-05-18 18:31:30
./AndroidAPKSamples/Malware/SMS Malware/Zsone/2a8c161ec7ac59b0409e6fa9b4f9ca80.apk,malware,2.868310094063513,0.20813894271850586,20,0,20,0,2.8476726664040686,15277,0.08656883239746094,d673b83a68dcf0fe56778a88244834376ec326f51113a3312203e0e2486a2e7a,2017-05-26 10:19:06
./AndroidAPKSamples/Malware/SMS Malware/Zsone/6ec3de3676ffaf056ec2bae7e5f97b8b.apk,malware,3.193493454311638,0.21924400329589844,20,0,28,0,2.861428966136373,16126,0.09151840209960938,8b2e9f522b4dd57cfa2ff8e4578296bda6ae94afc6676f6272e460c2907530c3,2017-05-18 18:50:52
./AndroidAPKSamples/Malware/SMS Malware/Zsone/3f60bae956ed671a02c4ae23fdc4a391.apk,malware,2.868700255210245,0.20487594604492188,20,0,20,0,2.848712307757918,15282,0.08662796020507812,82f89e8d7832411d19b3b4c1b6031cfb35f642a4fa1af57a2d3d050fb78c34fc,2017-05-27 14:31:20
./AndroidAPKSamples/Malware/SMS Malware/Zsone/1fd70b4d74955259fc322a9a7e7e0bb2.apk,malware,2.187612658109357,0.16260814666748047,24,0,4,0,2.738727189609978,19010,0.11799240112304688,edb2ca2a688bcbe1707260be256276fb0b97f061b9025d5bd73120b9b9f53d7b,2017-06-27 09:59:51
./AndroidAPKSamples/Malware/SMS Malware/Zsone/7b9af6586d1711150149b324cd5043bd.apk,malware,2.4176034825704416,0.19202899932861328,11,0,8,0,2.9220677168268403,13086,0.3656177520751953,fc0852a9b6a7b078f16f29984f2a02a7e5f6731cafff9bf016aed7cf50c80117,2011-10-25 03:23:53
./AndroidAPKSamples/Malware/SMS Malware/Zsone/0a8a0bf71a8b3196d5a1ec1144ec15e6.apk,malware,3.151716881428972,0.21054792404174805,20,0,27,0,2.856729610853235,15632,0.08865547180175781,04902eb4daae25cbd619589c2844e636f599923a739cd958c2599ef64b508f56,2017-05-17 18:43:48
./AndroidAPKSamples/Malware/Miscellaneous/217eee3a83f33b658fb03fddfadd0e2eb34781d5dd243203da21f6cb335ef1b4.apk,malware,4.197996168750761,6.732784271240234,30,0,1073,0,3.1657547394917755,546367,2.167628288269043,217eee3a83f33b658fb03fddfadd0e2eb34781d5dd243203da21f6cb335ef1b4,2015-09-07 07:39:16
./AndroidAPKSamples/Malware/Miscellaneous/e4e97090e9fd6cc3d321cee5799efd1806b5d8a9dea7c4872044057eb1c486ff.apk,malware,4.179515326964879,1.406479835510254,25,0,93,0,3.140937826760672,71257,0.33272838592529297,e4e97090e9fd6cc3d321cee5799efd1806b5d8a9dea7c4872044057eb1c486ff,2015-09-08 21:31:33
./AndroidAPKSamples/Malware/Miscellaneous/Elite.apk,malware,4.204164176457336,1.1121118068695068,12,0,94,0,3.204152019482746,44648,0.5214338302612305,fcee982b3d0e1601b40078d98df03503668aec7542721f921ae8248bc3cec3a1,2016-04-30 02:36:04
./AndroidAPKSamples/Malware/Miscellaneous/92ae2083a8495cc5b0a0a82f0bdeb53877170d2615ce93bd8081172af9e60f8f.apk,malware,4.1700136514785395,3.2400851249694824,26,0,207,0,3.0733634811725903,176095,3.500469207763672,92ae2083a8495cc5b0a0a82f0bdeb53877170d2615ce93bd8081172af9e60f8f,2012-11-30 13:39:26
./AndroidAPKSamples/Malware/Miscellaneous/0038f450d7f1df75bf5890cf22299b0c99cc0bea8d66e6d25528cb01992a436b.apk,malware,4.221763654401173,3.182800054550171,24,0,107,0,3.2470636512180713,216684,0.8229570388793945,0038f450d7f1df75bf5890cf22299b0c99cc0bea8d66e6d25528cb01992a436b,2014-02-26 17:57:06
./AndroidAPKSamples/Malware/Miscellaneous/3d99f490802f767201e8d507def4360319ce12ddf46765ca1b1168d64041f20f.apk,malware,4.0661280083700975,0.9166710376739502,28,0,47,0,3.092645880393178,68814,5.27716064453125,3d99f490802f767201e8d507def4360319ce12ddf46765ca1b1168d64041f20f,2012-12-14 13:21:51
./AndroidAPKSamples/Malware/Miscellaneous/Viking Horde.apk,malware,4.21837971137873,8.655296087265015,7,0,366,0,3.154603918046729,602513,7.080648422241211,254c1f16c8aa4c4c033e925b629d9a74ccb76ebf76204df7807b84a593f38dc0,2016-04-20 07:45:44
./AndroidAPKSamples/Malware/Miscellaneous/3032bb3d90eea6de2ba58ac7ceddead702cc3aeca7792b27508e540f0d1a60be.apk,malware,4.184212888731027,3.3262939453125,38,0,109,0,3.1249842300771715,214793,2.4687604904174805,3032bb3d90eea6de2ba58ac7ceddead702cc3aeca7792b27508e540f0d1a60be,2016-01-21 22:39:52
./AndroidAPKSamples/Malware/Miscellaneous/vi4a.apk,malware,1.1149146579436888,0.015986919403076172,2,0,0,0,2.8072841907958,620,0.036617279052734375,b0ff5690c31f160808a869a14fa55f9e38c82de81cf98b895badc88c997ee45c,2018-10-02 15:19:21
./AndroidAPKSamples/Malware/Miscellaneous/e5656c1d96158ee7e1a94f08bca1213686a05266e37fb2efb5443b84250ea29d.apk,malware,3.393378829438306,1.2258110046386719,16,0,32,0,2.9576227174303713,97922,0.8540620803833008,e5656c1d96158ee7e1a94f08bca1213686a05266e37fb2efb5443b84250ea29d,2014-08-18 17:22:03
./AndroidAPKSamples/Malware/Miscellaneous/39c6bab80cc157bfe540bdee9ce2440b3b363e830bc7adaab9fc37075fb26fb1.apk,malware,4.204581242019772,4.7391510009765625,22,0,244,0,3.1623918798627857,463549,3.7368574142456055,39c6bab80cc157bfe540bdee9ce2440b3b363e830bc7adaab9fc37075fb26fb1,2014-07-04 07:29:57
./AndroidAPKSamples/Malware/Miscellaneous/f901fd1fc2ce079a18c619e1192b14dcc164c97da3286031ee542dabe0b4cd8c.apk,malware,4.145911134746585,2.7952117919921875,23,0,183,0,3.0348296967265713,254164,1.5699996948242188,f901fd1fc2ce079a18c619e1192b14dcc164c97da3286031ee542dabe0b4cd8c,2014-04-17 19:45:14
./AndroidAPKSamples/Malware/Ransomware/DoubleLockerRansomware.apk,malware,4.212576140525921,0.3473052978515625,19,0,158,0,3.2288535540977676,21554,0.3512115478515625,79e602a062d05fbb1409afc16e6d41ac0645576b2b5c1899dc93e6852c30a71f,2017-10-13 12:55:16
./AndroidAPKSamples/Malware/Ransomware/CovidLockRansomware.apk,malware,4.343154357267759,5.214170217514038,3,0,588,0,3.3827062437093014,252622,14.927903175354004,6b74febe8a8cc8f4189eccc891bdfccebbc57580675af67b1b6f268f52adad9f,2020-03-15 15:51:52
./AndroidAPKSamples/Malware/Ransomware/Simplocker/3fbad2e5b4721effbeb4ceb6c3690f5d.apk,malware,1.3170441714141483,0.03044915199279785,3,0,3,0,2.7162276176065117,1202,11.651762962341309,d159f102a4affe133e5cb480cb48f0e72e1f305da88c708a556a21972c2b1876,2017-06-10 15:34:52
./AndroidAPKSamples/Malware/Ransomware/Simplocker/0f3ae8be97f2089d7173bc4e60f46fb9.apk,malware,4.166343342918372,2.942610025405884,9,0,255,0,3.0953010867919284,145985,1.1210870742797852,144e98375727ac330d4e2a230cc09fc69882346b9bff40cdf0bb41146016419a,2017-06-07 03:20:55
./AndroidAPKSamples/Malware/Ransomware/Simplocker/0a5d73b773d6360b5660a368cd39c6ce.apk,malware,2.625995392210294,0.7576789855957031,7,0,12,0,3.0425541925615986,48545,1.0075139999389648,ce88455c0a4b69278fe480c106a6482ed295df90a516bb95dea4269febd0e997,2017-06-05 23:54:56
./AndroidAPKSamples/Malware/Ransomware/Simplocker/0e20e797d2bba903ff61bf2e78b8e298.apk,malware,1.174902798822932,0.01982569694519043,8,0,1,0,2.731648200425605,1084,0.4269447326660156,8c76f26cbdd83c19b22542c630fe094cbd7764e63dd5582ea6bba521c748fefb,2017-05-21 19:19:30
./AndroidAPKSamples/Malware/Ransomware/Simplocker/3ac34928fdc36c9f3e4dca61ab75c691.apk,malware,1.120029880837272,0.013180017471313477,3,0,1,0,2.7814616600769635,317,1.056351661682129,ae3b0837a86988fd4bb51adf0dcfeba90ca36b12e45e97ef0268d28cf1f3b28c,2016-12-03 07:30:28
./AndroidAPKSamples/Malware/Ransomware/Simplocker/04f62de93dae091e1c94832234263db9.apk,malware,1.1202272058570284,0.014286994934082031,3,0,1,0,2.781983905560149,317,1.0566482543945312,b656f2533aa6a9f42269dc58c0e411bce3bd94ba9642f245fef11276a5a17040,2017-06-17 15:20:24
./AndroidAPKSamples/Malware/Ransomware/Simplocker/3c3acd059acf29b49519c09e7a01b3c6.apk,malware,4.163441187710611,2.418288230895996,8,0,255,0,3.088331303519802,150001,1.063389778137207,724bb68303f014e4929631abde12215523e9f0b7b72ded55d132143cd0d6c69a,2017-05-21 02:27:26
./AndroidAPKSamples/Malware/Ransomware/Simplocker/0dad5140086599b61662645b288f9e22.apk,malware,1.2376220511106495,0.02073812484741211,3,0,2,0,2.7195888286982224,1365,0.2552480697631836,0c3cef96d6d6e4aa61973d3075f100c768f2754323617fd9fcc8074ec5fc4ad5,2017-05-24 15:05:38
./AndroidAPKSamples/Malware/Ransomware/Simplocker/03ef0dac1f97f15388bb873a417f6537.apk,malware,1.120370486364231,0.012865066528320312,3,0,1,0,2.782154093195241,317,1.072540283203125,2ecdae58b04faaee65b8d12cb7fb1a9edf89d6e1506f084e5f806868cb62e9b7,2016-12-19 12:01:05
./AndroidAPKSamples/Malware/Ransomware/LockerPin/d335f22545505783e473b42259253d36.apk,malware,1.1670694852048993,0.017194032669067383,0,0,1,0,2.7699086856033643,838,0.9107456207275391,73846c181c0201eb066a60b7924e6cd426fbc5d2cca3adbe63a4446daca09d87,2017-06-26 15:23:08
./AndroidAPKSamples/Malware/Ransomware/LockerPin/dc531be53c6726e4279c6bbd87b8e169.apk,malware,1.042766490055558,0.01767897605895996,1,0,0,0,2.4563454703686953,1071,2.9073877334594727,9db6cb1cc97ac9ac8953d35ae22907c7d0e08179ace3768811464594c295c95e,2017-05-07 19:49:10
./AndroidAPKSamples/Malware/Ransomware/LockerPin/a581038a69cfa035ab45244c92b61fe0.apk,malware,1.1676098990614057,0.01693272590637207,0,0,1,0,2.7699086856033643,838,1.0188283920288086,f48ccfb752b3c0e58ee1df0745639362a29f50defba735bbe8f8235cd12fa3fa,2017-07-02 03:02:07
./AndroidAPKSamples/Malware/Ransomware/LockerPin/aa2be7fd72752dffa89fb903cb70392e.apk,malware,1.042462264374561,0.016515254974365234,1,0,0,0,2.455384029970346,1071,2.9186506271362305,55c46d8a1bf373471c52646627a8e2f2bffaa81ff0e6824114a0eed6045b41d1,2017-05-07 18:51:03
./AndroidAPKSamples/Malware/Ransomware/LockerPin/ad24048dcb0acf80b1daeecd7274bdb1.apk,malware,1.173694326894963,0.018856287002563477,0,0,1,0,2.7699086856033643,838,2.2357139587402344,f83692aa912ce4212df7aae33713d8c512192147b0466aa675ad36367f9d35d9,2017-06-29 00:17:19
./AndroidAPKSamples/Malware/Ransomware/LockerPin/6349462efbe6ccf4290d4c19dd740cd7.apk,malware,4.238334255336068,1.5062882900238037,1,0,152,0,3.287038790698427,76748,1.138941764831543,7272798d36ba524ddc1f93dbba50c43f51a62cee6a7c7b4077ae05edc84a5fb1,2016-12-10 08:23:13
./AndroidAPKSamples/Malware/Ransomware/LockerPin/9639430c8d83e94a2deae6c14cd4fae0.apk,malware,1.0419075427942746,0.11919784545898438,1,0,0,0,2.4536249262315093,1071,2.939639091491699,0f80f38882361badfcf711117308136b790a52b2846bcc572c8107a21b7c6622,2017-05-07 19:30:59
./AndroidAPKSamples/Malware/Ransomware/LockerPin/cd07b48e5ba86570c123e93461cd78db.apk,malware,4.250542560649575,1.3390998840332031,2,0,120,0,3.328874832345806,122218,0.4428997039794922,07ad58175af8d72077ba40361de0d6f30d396c30267b254ab331a8f5975ab4b0,2017-06-29 00:22:57
./AndroidAPKSamples/Malware/Ransomware/LockerPin/d0d765731a30dc7d68ab339d144e946f.apk,malware,4.205864769264631,0.893164873123169,1,0,94,0,3.202242473084589,44014,1.0047683715820312,28cacabaab634c84856faf811d466ae742bd668c7e194b60f491404cd83dc8e4,2017-06-29 00:06:16
./AndroidAPKSamples/Malware/Ransomware/LockerPin/a063292d8667cf3d83ff9365dfb8650a.apk,malware,1.1694025826627852,0.018092870712280273,0,0,1,0,2.7699086856033643,838,1.3773651123046875,1f44c839e6aa2a5f044fe8b44b33b53068e0032299331406f10c9adfdf2543f8,2017-06-29 00:16:08
./AndroidAPKSamples/Malware/Ransomware/RansomBO/159378f47540a8dbdc99d0e4625e6e97.apk,malware,2.327434411993126,0.3329489231109619,15,0,4,0,3.1115980046338514,24922,0.11703205108642578,0b3ee7799718ee9871d468ddd4879e77cdbf8c589a163f7f4c527fef383507bb,2015-09-09 20:47:39
./AndroidAPKSamples/Malware/Ransomware/RansomBO/12d31f8b0dc89a3b196b56ce7ac23b89.apk,malware,2.448545496299765,0.29891490936279297,15,0,7,0,3.114598699768123,23293,0.11419677734375,211707a0764ee25348d78b4c8c5e7b9c9642f36f3e06955abb01bfd4d5aff372,2015-08-28 07:12:06
./AndroidAPKSamples/Malware/Ransomware/RansomBO/0277658e68a30104fec943150f74b0e5.apk,malware,2.4485341094284268,0.2820582389831543,15,0,7,0,3.114598699768123,23293,0.11191940307617188,0e2761ca7b04488a519351710a30a26224869b39c5aba405257b461e31861810,2015-09-05 18:47:22
./AndroidAPKSamples/Malware/Ransomware/RansomBO/10672a166c8301cc9e0ddebf3ed91fbe.apk,malware,2.448534085586569,0.29198431968688965,15,0,7,0,3.114598699768123,23293,0.11191463470458984,16b9cab25ab6e8b65797125a86688f0dd4e36197f7d7598b78d4c9b579987d40,2015-08-29 07:03:35
./AndroidAPKSamples/Malware/Ransomware/RansomBO/1d4fcc628e65babec21985b71295cc9a.apk,malware,2.111362228380183,0.3443751335144043,15,0,2,0,2.7484651438038594,30818,0.1375598907470703,4329c6525cb1c0190c8a110144faaf09fd6faec6462dfcb8254faceededa3d42,2015-09-15 03:02:15
./AndroidAPKSamples/Malware/Ransomware/RansomBO/14013bbb99636e4d17099401aae616ba.apk,malware,2.113328712855442,0.3598520755767822,15,0,2,0,2.753710310392019,30775,0.13746929168701172,315af0395294220a495ac358bc2661da31dffe04030263951d1aacb333392aa4,2015-08-29 14:56:26
./AndroidAPKSamples/Malware/Ransomware/RansomBO/08fc87495bb335263373d85df13403ab.apk,malware,2.448506023719809,0.3926668167114258,15,0,7,0,3.114598699768123,23293,0.10630226135253906,1d222abf4d5804d773b60d5d13894261cd16e123d693898461fe39e5833c1691,2015-09-11 02:20:43
./AndroidAPKSamples/Malware/Ransomware/RansomBO/1ef20d8e75b9706d1597d58022a1e7c3.apk,malware,2.1113624429569042,0.34236693382263184,15,0,2,0,2.7484651438038594,30818,0.1376028060913086,0ae6dd4d3d7c4710ae726ff7c3d64441be44b83cf9aa0ef29ddad40a22d68f29,2015-08-22 14:21:33
./AndroidAPKSamples/Malware/Ransomware/RansomBO/00da61a6c82ee1b6321898c40dda0205.apk,malware,2.4485418484955046,0.28737878799438477,15,0,7,0,3.114598699768123,23293,0.11346721649169922,1f60054200b37b895dc3e5cf1bfc87fb1d9a9a17d70bb5519cab879aa5f8fa7c,2015-08-22 23:23:35
./AndroidAPKSamples/Malware/Ransomware/RansomBO/047f5f8602dbe34cb94bfc6d508e49fb.apk,malware,2.111362228380183,0.32689499855041504,15,0,2,0,2.7484651438038594,30818,0.1375598907470703,3aba69c964b8e28bc94d46566294f3f93dd3cb59c198edde63f939ae7c2adc7d,2015-09-04 17:48:39
./AndroidAPKSamples/Malware/Ransomware/Wannalocker/a7d26deb2f8af2465df8735111eee8bc.apk,malware,4.2905979485874735,3.2330989837646484,14,0,228,0,3.4157191709850525,292383,1.9406518936157227,32f0a2b9ef7243d7fee3a4fc82c8cc7b2c7930bd2809304e9cb4d01139736ea0,2017-08-08 16:18:13
./AndroidAPKSamples/Malware/Ransomware/Wannalocker/592ef26fa2ffc5495fa0f5c812bdfeee.apk,malware,4.290517826484639,3.2820937633514404,14,0,228,0,3.4163520823770064,292326,1.8771591186523438,cc00853b16dd63fe61a8fa8436d74130f2194c4d5c1bbd4c98dab08559df6fd3,2017-06-25 03:41:30
./AndroidAPKSamples/Malware/Ransomware/Wannalocker/222d9bfc7496d48240d0d176c70e2835.apk,malware,4.290249214070283,3.3634250164031982,14,0,228,0,3.416349080131431,292326,1.8236618041992188,30e5d42c76694366a94e5b4f0f6ec0e51dc2c8f0adaddff4656cb12520e05b81,2017-07-06 01:05:55
./AndroidAPKSamples/Malware/Ransomware/Wannalocker/5b912cc0f36095ab2f32d95e91b55be7.apk,malware,1.5088151640989296,0.039331912994384766,7,0,4,0,2.755186848729959,3076,1.6040191650390625,53136f6cea9c04cf139c42a0f9b863c87bb1a3114010c324106d85a401fd8caf,2017-07-18 00:04:43
./AndroidAPKSamples/Malware/Ransomware/Wannalocker/50e1f008d92edbde5a4c3185ff8f9c55.apk,malware,1.5047558447632234,0.03627586364746094,7,0,4,0,2.7562998252320408,3076,0.7086820602416992,991637992a5c964ad9aac1ac523520b3f1e138a590fee52171b9a481a80596dd,2017-08-12 19:07:50
./AndroidAPKSamples/Malware/Ransomware/Wannalocker/25675b6dfed1491e0e5b411826fe8772.apk,malware,4.290830280794932,4.248079061508179,14,0,228,0,3.4163451449453386,292328,1.9401702880859375,99d6812323e75a8de69ad6ed73ebd8a5f8aba5bc989cbc9e87f298300db5a221,2017-07-15 11:11:25
./AndroidAPKSamples/Malware/Ransomware/Wannalocker/4bd33ba8957168dccbeadbbea45c6843.apk,malware,4.29039738189449,3.808410882949829,14,0,228,0,3.416356773675018,292328,1.8527183532714844,1f497e1d127cd1d293d1a0bbc8a6faebf928284bdbc69674e3d8586463da6527,2017-07-02 03:30:25
./AndroidAPKSamples/Malware/Ransomware/Wannalocker/66461af2d3c3b018adef6dc451e59802.apk,malware,4.290653783545704,3.7405760288238525,14,0,228,0,3.416353865903777,292326,1.9042167663574219,a7e7b7186199231a3f81635d071e83a92cadb8792fd8cb71fe78a5b0f8789640,2017-06-24 06:23:34
./AndroidAPKSamples/Malware/Ransomware/Wannalocker/762138e933a681628ceab29d8e5a96a2.apk,malware,4.3397051636604775,4.5982959270477295,14,0,228,0,3.416756201910527,292263,11.684317588806152,b7ef66d497217a29e8fd47f5958800575db10bf9ed9609b197e24a572ccd0ebd,2017-07-25 10:52:09
./AndroidAPKSamples/Malware/Ransomware/Wannalocker/8ce42ae8f1206130aeadaa7cad062aca.apk,malware,4.290886433138685,3.4512808322906494,14,0,228,0,3.4163451449453497,292328,1.9514007568359375,36f40d5a11d886a2280c57859cd5f22de2d78c87dcdb52ea601089745eeee494,2017-06-09 07:27:47
./AndroidAPKSamples/Malware/Ransomware/Svpeng/1b88ccb40cb03903680368f9bc9e5f6c.apk,malware,4.1821475797749095,0.3592848777770996,22,0,76,0,3.1504981628673696,19319,0.14215373992919922,9ed238a834849e0d638498039caf6157f3e51450e208e759f0bc9a0c54152970,2017-08-21 02:56:17
./AndroidAPKSamples/Malware/Ransomware/Svpeng/9bd28bf73cde6af073ded5169de17f09.apk,malware,1.396131935828589,0.05228877067565918,34,0,0,0,2.7496530622950197,3647,0.062407493591308594,7a2be5e9cab790643bed90abb1696b7ee79caeebf66b8caa36e078277f3afd47,2017-08-20 07:00:09
./AndroidAPKSamples/Malware/Ransomware/Svpeng/4fd58e60c95708660cd35aa90f733248.apk,malware,2.1003528221196324,0.5013449192047119,12,0,0,0,2.931719095374846,21511,0.19163227081298828,6d7d2db8eecfdee63c402496bd5f99d52c5a01180ba5fe194b594f0114b9b2d4,2017-08-22 15:55:10
./AndroidAPKSamples/Malware/Ransomware/Svpeng/237d0253fea2a777798360175fd941e9.apk,malware,4.201323324339229,0.3997461795806885,19,0,133,0,3.19885818771955,21294,0.35030078887939453,697817c800e202a925f6654c4d72d533125cab2e38a4b0b2b59a737ecd52dbd8,2017-08-13 18:04:02
./AndroidAPKSamples/Malware/Ransomware/Svpeng/71b71397622bf9e0b97fdeaec3771b18.apk,malware,2.1140498839228004,0.1831052303314209,23,0,0,0,2.969337542430202,17317,0.10966110229492188,461d86b556da73c481714c33dd4e3362a3cba28683f2f078fb6ce91917354c0f,2017-05-12 08:02:28
./AndroidAPKSamples/Malware/Ransomware/Svpeng/d3ff6a5e9f69bedd67c09e31ed94a1bd.apk,malware,4.161295213491911,0.5424389839172363,28,0,51,0,3.0727530664634557,31583,1.8025627136230469,60f5f450f9c4651f182abb7fa31ba25dfe6aa74d4007e7cafb3a906738b43d85,2017-07-22 23:02:39
./AndroidAPKSamples/Malware/Ransomware/Svpeng/7c9d7f4a6f7d8b4d4627f15867ca9d1c.apk,malware,2.1012127580029696,0.27013492584228516,12,0,0,0,2.9338620222364344,21520,0.20289993286132812,1ea9505c441af3a9b7546dbbe664b41c948a8f258632fafb4e436538365d67c6,2015-12-31 12:10:43
./AndroidAPKSamples/Malware/Ransomware/Svpeng/102b4f0f42a267ad9354ea104e787241.apk,malware,4.223319708919466,1.4303491115570068,11,0,189,0,3.2562761105853726,72392,0.4432334899902344,45c4b18a46376a123067106316a135c69a90d83601357be455373c50bd9db354,2017-08-15 23:20:23
./AndroidAPKSamples/Malware/Ransomware/Svpeng/078f2f3bc9629b930cec5c7cd21a2e53.apk,malware,4.176602219733229,0.9045698642730713,18,0,87,0,3.128076945391311,42594,0.7146730422973633,17f47c1532080c939c8af569dac39d7b77a3001bee127a75a436860a65bdf995,2017-08-06 03:52:37
./AndroidAPKSamples/Malware/Ransomware/Svpeng/6cf17ea9a7f688c8ac3f953d4cee6795.apk,malware,4.237295577850884,2.340459108352661,24,0,114,0,3.27723987030174,149133,1.6661252975463867,1d57111584cd66e71a368b34d424b4623e8f85aacd6877a2d585eeba005174a2,2017-01-01 11:29:59
./AndroidAPKSamples/Malware/Ransomware/Svpeng/b469d12d7307f9a6b369d4f7301a6c4b.apk,malware,1.3840789706184105,0.0513768196105957,32,0,0,0,2.591275606524583,4118,0.1101236343383789,31b9302faa48e2ad8cbf4138bda371b4bae12fd879dc057181daf792ee24977c,2016-07-25 07:54:39
./AndroidAPKSamples/Malware/Ransomware/Jisut/064490ecaa3cf7790fdf49c0016f7bfb.apk,malware,1.1667778684303616,0.02319502830505371,8,0,0,0,2.6701672687968823,1649,0.11302852630615234,9b997c06c13fefd51f922f3016929e9e4ad0d8f152d2522b98d5f9d5aaefb627,2017-07-18 01:13:37
./AndroidAPKSamples/Malware/Ransomware/Jisut/0d33685eff9b6df4e87d799689e99a32.apk,malware,1.096937824582517,0.017978906631469727,2,0,0,0,2.7742066282893814,528,0.7620677947998047,5d3deaa5c24e304f17cc511d2371c393f43b78b29b07b252db7936a35a70511d,2017-08-15 11:23:41
./AndroidAPKSamples/Malware/Ransomware/Jisut/01147ee72ad07cb9c1416b9963e56f99.apk,malware,1.1682710076973293,0.02358865737915039,8,0,0,0,2.6701672687968823,1649,0.41165637969970703,8f7506b04b18478eaab1ceb7d71d29c53bc5971907f6b202f8ad1b9b39816b41,2017-08-15 11:28:45
./AndroidAPKSamples/Malware/Ransomware/Jisut/12fb8804389e7496ff5a56e2134ccf5e.apk,malware,1.1682708121940946,0.02377915382385254,8,0,0,0,2.6701672687968823,1649,0.4116172790527344,a16ac7efe988e6fc0153f2ed042ee84c4a54dceba75a4872b7dfd3ed2cdd9d78,2017-08-15 11:22:33
./AndroidAPKSamples/Malware/Ransomware/Jisut/1046b8a9498edb5ee6f175d752ec9c32.apk,malware,1.4415214108386498,0.036917924880981445,6,0,2,0,2.6231890067839254,3764,0.2851066589355469,eb55e374e38cedd7aee23d82eade11e986184b197f4c73c76730b5929cdf7238,2017-08-14 16:53:12
./AndroidAPKSamples/Malware/Ransomware/Jisut/041f8b32fa15efda620b04a5dd41554a.apk,malware,1.3929799458104302,0.032076120376586914,8,0,5,0,2.7884040523735494,1468,0.10568523406982422,a949517cc846c654f39386dff72978cf50fcc0bb849ea55e17af2479114cc12d,2017-08-15 11:23:54
./AndroidAPKSamples/Malware/Ransomware/Jisut/008aafc94cfdc5e41d8f5fa41abe23ac.apk,malware,1.1520678861374458,0.01978611946105957,7,0,1,0,2.640028904150539,1202,0.37140941619873047,d2763c142be91b3b630dde491a78c0ba631c900fb1919e999192a469634c8fd8,2017-08-14 17:04:50
./AndroidAPKSamples/Malware/Ransomware/Jisut/0f52bf7d7b6cf39cbe438b141372e923.apk,malware,1.089431707328106,0.020762920379638672,7,0,0,0,2.6616115624574688,898,0.30547428131103516,e6939b3784f2e10032abd4e5ada25adc81f1afa7dd6887f1b577db88e0c27af2,2016-06-25 11:03:48
./AndroidAPKSamples/Malware/Ransomware/Jisut/0647e7667203a2a9e1858a6e9f49e98b.apk,malware,1.1682710744545315,0.023693084716796875,8,0,0,0,2.6701672687968823,1649,0.4116697311401367,e7b0d5ccf675ec020a3d1ed6dbb243b33803a5573064f1d5d8234c046465dd7c,2017-08-15 11:01:19
./AndroidAPKSamples/Malware/Ransomware/Jisut/0b2f0c2ddf4a6a1101036286d75709f8.apk,malware,1.1682707692787502,0.024010896682739258,8,0,0,0,2.6701672687968823,1649,0.4116086959838867,e4d65c43aeff2ced0258c39d57d80a24ee6fa9d2ccf845ca1a8c887e58ce5b96,2017-08-15 11:02:18
./AndroidAPKSamples/Benign/com.codelv.inventory_6.apk,benign,4.128364578558398,4.551175117492676,3,0,199,0,2.980528097347135,388125,2.1333084106445312,db6a454af50797b5577595e76384448151b020beae33abe4c45e147d99208a71,Not found
./AndroidAPKSamples/Benign/com.jakewharton.sdksearch_1040100.apk,benign,4.241972641876421,2.7400870323181152,2,0,74,0,3.2929782611292793,163193,1.421158790588379,4dc58c1d3df8f660862ab72650b8774c8377b5dfdc415e8301e2a56b8ac2f6f9,2021-05-13 07:19:52
./AndroidAPKSamples/Benign/org.echoline.drawterm_2.apk,benign,1.2280377661184814,0.23467111587524414,6,0,0,0,2.86538860485192,1405,2.603407859802246,40a0403f9090b51a67f4285a7086e159f4c7aa7f34252d22809fd74dd2e8e59e,2022-09-30 15:56:38
./AndroidAPKSamples/Benign/org.woheller69.browser_1000.apk,benign,4.373391302734661,12.92283320426941,12,2,1808,0,3.5065119899909987,672997,11.689861297607422,f1f0eaedf6b558e990a603b1846454b5299a9d224ad9c80a3133225531f73934,2023-11-16 17:00:02
./AndroidAPKSamples/Benign/click.dummer.textthing_216.apk,benign,4.284342846218477,3.214402198791504,3,0,217,0,3.4073917371530804,137615,1.3141889572143555,7df61676293e37a35ff56e95dc8f0803bf667087199118921e9dbcfdff744b14,2019-10-20 06:32:36
./AndroidAPKSamples/Benign/io.github.wh201906.serialpipe_2.apk,benign,4.211922430675926,2.2468512058258057,2,0,57,0,3.204570527822978,178376,2.041696548461914,db67d84791494f62224e99c78fe9992987bdc59d4f8226db68f78f835d2830da,Not found
./AndroidAPKSamples/Benign/de.markusfisch.android.shadereditor_78.apk,benign,4.197827943492054,3.347892999649048,4,2,74,0,3.152168944486297,261259,3.1529178619384766,79f266176b4e26693ccd9941fc31349d4513aad1638ef036bfdcfc71875a3861,2023-11-20 11:37:35
./AndroidAPKSamples/Benign/org.cosmicide_23.apk,benign,4.738042278017879,188.35746097564697,11,2,34646,0,3.5214474352897,8185729,83.49989795684814,7e82b8b129628f4d308ee2d181a1a9f3f73bbbecb922590a36cbd76d433caef1,2023-11-08 19:42:09
./AndroidAPKSamples/Benign/org.godotengine.editor.v4_402024003.apk,benign,4.531919559035279,5.474881887435913,6,2,1187,0,3.4401180738702815,294155,48.37505626678467,9e5d93d80147e4ed8d9ba1221ad42b040188deec9311e8b0bddb6aaa5cae61d9,2023-11-24 07:01:05
./AndroidAPKSamples/Benign/com.github.ttl.manager_13.apk,benign,4.3553835901345455,10.409151077270508,0,2,1668,0,3.4896453054019188,623218,9.353320121765137,e526740be45d7dc9cd4e69eee4fc0cc72e1ad1f1b1fd85e10522a65bead01bc1,2023-06-30 11:45:50
./AndroidAPKSamples/Benign/com.catalin.css_px_converter_1.apk,benign,2.665535681104262,0.7071819305419922,0,2,10,0,3.1347930077860076,53629,17.997660636901855,b8a89896ee82b908e9cabd5a1c5e0382d5e50a927166feb86f77f83f92ab285a,2022-10-22 13:59:59
./AndroidAPKSamples/Benign/com.ruesga.rview_69.apk,benign,4.290850892591379,45.630695819854736,5,0,97,0,3.340978890863796,495258,7.596761703491211,c04b3221163a9cdd8b0f8ca29ea13854bdeef661a9bbeed4480d5415f818cc22,2021-03-22 08:11:04
./AndroidAPKSamples/Benign/com.fredhappyface.brainf_20230828.apk,benign,4.335268117923619,12.43812894821167,1,2,1618,0,3.4987881648251267,624231,4.6445112228393555,6880210f243544f73fd29d127eb5d676ff3ecb56a1f4384f9f53c9589f6feb8e,2023-10-03 07:30:19
./AndroidAPKSamples/Benign/de.syss.MifareClassicTool_64.apk,benign,4.326468742243928,9.834996938705444,2,2,1639,0,3.488440279304934,447974,3.6607275009155273,cbfd26cd87fd731dbb5bf080d3ac02b2c6cdea3502ea240e13e9e2f03869e9c0,2023-10-10 09:44:22
./AndroidAPKSamples/Benign/com.trianguloy.numericriddlegenerator_7.apk,benign,1.0698823736908951,0.014921188354492188,1,0,1,0,2.5637953101483766,682,0.05182647705078125,c36cfa5aaa30c4e1a1d918ed2df6925e3569ec38a6a033b9e3b0ae3103d4cc25,2022-03-30 06:39:16
./AndroidAPKSamples/Benign/com.gh4a_73.apk,benign,4.293871357505669,8.502899169921875,6,2,1253,0,3.3597674371537893,552793,6.791713714599609,7c5a41bef4fc563207fc8ff30a9f4f600c97cfc97ae648aa001f294944c5abeb,2022-11-11 01:40:26
./AndroidAPKSamples/Benign/com.nesbox.tic_10100.apk,benign,2.781677217546583,0.11039996147155762,5,0,23,0,3.051326266139033,6810,7.28597354888916,42c078a05dedcef2fad5ba608db8240cb751598b49714217b0f67cb219f28f69,2023-09-21 11:16:05
./AndroidAPKSamples/Benign/io.neurolab_1.apk,benign,4.365160982371759,25.643966913223267,6,0,2821,0,3.3695867977179215,1948760,20.313186645507812,84fca34b1b8580c451aef5fdb47f554609863e226ae55b888f0b92311f7a0875,2020-05-13 00:54:23
./AndroidAPKSamples/Benign/tk.hack5.treblecheck_5001001.apk,benign,4.104390309996279,3.580303907394409,1,2,57,0,2.9270876406215867,230348,1.3464889526367188,e6b00a048aadebff45c6dbdb5c92fd6cc5f67ee53388e750ecf3414fd985f534,2023-04-25 04:30:20
./AndroidAPKSamples/Benign/de.sensebox.blockly_10102.apk,benign,2.438118727479209,0.44967079162597656,6,0,7,0,3.0519691538117457,12798,2.7260589599609375,a8020d2660da96fcf4b232becf6f3bcff9ee44b5242a86d8594ffc0567391893,2019-05-07 12:36:41
./AndroidAPKSamples/Benign/org.billthefarmer.crossword_124.apk,benign,1.473142795816856,0.04468083381652832,1,0,5,0,2.8485113659323513,2025,0.4902067184448242,2a139473f07bb4612f76975c3d08cbc0e34b23f5b7169f8572ec6f447f07cf1e,Not found
./AndroidAPKSamples/Benign/com.releasestandard.scriptmanager_5.apk,benign,4.302927208259177,6.8603081703186035,7,0,299,0,3.431062444884174,384017,3.255758285522461,a8f108acfc3f75164b2c2f291a3fde2f84b80b63a95fc3b21ef80d7a06085fd9,2021-04-01 11:58:52
./AndroidAPKSamples/Benign/priv.wh201906.serialtest_32.apk,benign,2.8851509315631154,0.7573559284210205,10,0,12,0,3.2291466095345176,19934,38.84419059753418,6ad019e49c323921479fdbfc4570cc9862aa0a164f07f5cdf6e729dea4938551,2023-06-18 21:38:45
./AndroidAPKSamples/Benign/io.muetsch.anchrandroid_33.apk,benign,2.5667586949823145,0.49685192108154297,3,0,8,0,3.0603880318953838,34245,19.822636604309082,5ebe9be0ecd46d02c31865af8d46f2566edabe37f0f138bb296ac2551d5de1c7,2022-02-24 07:54:41
./AndroidAPKSamples/Benign/me.johnmh.boogdroid_15.apk,benign,4.247040644186985,2.9023659229278564,1,0,230,0,3.3069077950007424,163789,1.3900442123413086,ebac8ab70b4a66db147da1c3c651c11d5ff20df852e53a37ca73803c8dd0c9dd,2018-10-01 18:20:41
./AndroidAPKSamples/Benign/org.gnu.emacs_300050023.apk,benign,2.643348521221288,0.20193195343017578,28,0,8,0,3.0042820729271775,9519,48.96854877471924,708f57303ec5ab71bcb49daa327ecfe3d223d9f4b7740459819994e3856ca887,2023-10-19 12:32:01
./AndroidAPKSamples/Benign/com.sweak.qralarm_22.apk,benign,4.188708591363709,5.409742116928101,12,0,226,0,3.0373614117884125,513751,9.93961238861084,5f536f0ab9777e32277f95c874ebc20399ba84b940774448fa6d9da59a14559f,2023-11-30 14:40:50
./AndroidAPKSamples/Benign/com.blacksquircle.ui_10022.apk,benign,4.235367099461448,6.778353929519653,10,2,280,0,3.0713163291546803,498291,16.724695205688477,c1caaccc289e40b9046add61f5bface85540c4a73f88c435379350501373de92,2023-11-20 12:52:18
./AndroidAPKSamples/Benign/nodom.darkfm.inventoryguimobile_2.apk,benign,4.252748305503681,3.1543450355529785,1,0,278,0,3.3215448053787955,154342,1.4338006973266602,be610395f830783b629cb59267de23d9510938fcb998870cf8e179bb9e8df846,2017-06-26 16:22:01
./AndroidAPKSamples/Benign/com.fastaccess.github.libre_467.apk,benign,4.309087728824675,12.568083047866821,5,0,1509,0,3.4062390755718575,648990,6.349615097045898,cce7ddd99ed4303b4803f5554b49dce81a505cd3feefd9356050280249528681,2018-06-30 01:25:07
./AndroidAPKSamples/Benign/com.rascarlo.arch.packages_5.apk,benign,4.304142430773241,9.18018388748169,1,0,845,0,3.4326182136293597,457969,3.382120132446289,693e647603cd4a1d26abf5393648ab5c7546322a0516048339808ff5af17bb94,2020-02-13 00:18:39
./AndroidAPKSamples/Benign/io.github.randomfilemaker_10.apk,benign,4.301593078200822,7.6688618659973145,0,0,567,0,3.4282470030911885,375215,3.2000904083251953,2d92afa57cf34e719af362165a6696a0533a7cf14324e446cf15d671ebddf288,2021-01-08 13:46:17
./AndroidAPKSamples/Benign/com.github.sryze.wirebug_10100.apk,benign,4.282962042498676,3.3574540615081787,4,0,188,0,3.40169210224175,161989,1.465500831604004,130562ef21b424b1aa8b7a896629413a87f75f43bb8feed15efcbe73f9a8fc75,2021-11-19 19:31:10
./AndroidAPKSamples/Benign/juloo.keyboard2_36.apk,benign,2.340047337860126,0.3714590072631836,2,0,8,0,2.716048526367236,11238,0.3058280944824219,77d60437d52541940d7b8544625e85f42d105f85139595eeca9cfa9e3f5c5375,2023-08-23 15:08:24
./AndroidAPKSamples/Benign/com.trianguloy.adnihilation_3.apk,benign,1.0527272115056583,0.015005826950073242,0,0,1,0,2.5256783069146653,649,0.13956928253173828,ae531b495cc39b210fc13ef74e7e5e663f8fde658a3535e3b964675f8c417d80,2022-03-03 17:36:09
./AndroidAPKSamples/Benign/uk.co.ashtonbrsc.android.intentintercept_224.apk,benign,2.6233725789096796,0.8621549606323242,0,0,9,0,3.3591216794402987,61862,0.7403898239135742,30dd0b07abd727d82d52fc9b492fe506813ceb74efee1ff696a59051ef9a8119,2016-08-16 14:57:07
./AndroidAPKSamples/Benign/de.eidottermihi.raspicheck_57.apk,benign,4.29466485200265,9.912583112716675,4,0,2077,0,3.4036727062315144,720867,3.657517433166504,1f716afe29660f76a1c2330a291b000aa78a43741b6c6b7e5a7b66523fd8cdf4,2021-05-19 17:38:49
./AndroidAPKSamples/Benign/net.bluetoothviewer_8.apk,benign,1.380925424779695,0.05602574348449707,2,0,1,0,3.0023238286687044,2141,0.1907978057861328,0a4538fb0b8f8b949caa5f9138beeb4e38056d375746d3f31e667f5a0820f825,2016-05-24 17:07:37
./AndroidAPKSamples/Benign/com.bmco.cratesiounofficial_12.apk,benign,3.8831967909262106,3.453923225402832,3,0,42,0,3.183280965785325,233780,1.8932857513427734,88c53a5dc1aa442c348ff025eb04939f3178bd11d561f0211b937be4ff30bb30,2019-09-10 17:50:59
./AndroidAPKSamples/Benign/com.enrico.filemanager_5.apk,benign,1.0176350498469293,0.004559040069580078,0,0,0,0,2.7057439540311026,29,0.016213417053222656,e1e3af6a37249dc662036c0f2f3ffb0f363d407115f1d976cec8536ac25c7c6c,2016-11-14 17:20:28
./AndroidAPKSamples/Benign/dev.yashgarg.qbit_17.apk,benign,4.205749801532228,6.573959827423096,10,2,241,0,3.102275998157393,643679,8.479260444641113,a97158e51c6099f9a85df0a265c969fad2210b7c815559f9afa24d38e500b230,2023-09-24 06:24:18
./AndroidAPKSamples/Benign/ooo.akito.webmon_14.apk,benign,4.335860514682812,23.060247898101807,8,0,2618,0,3.4583032481995746,1254753,7.799359321594238,de9abbe85392b21261cf896bd807bac4ec6619d77f47f06a0bbdb1cf68a6ae1c,2023-01-12 08:24:27
./AndroidAPKSamples/Benign/com.madlonkay.orgro_76.apk,benign,4.304382935554825,0.9868819713592529,2,2,53,0,3.121728772563517,81230,26.746929168701172,5bb0ee3d74ad38e70b8ecef402841fafeef67c6e8de34a158613064ecbf2f67b,2023-10-02 05:05:26
./AndroidAPKSamples/Benign/com.bytehamster.changelog_49.apk,benign,2.9185127288324306,1.1824357509613037,1,0,17,0,3.288445976634203,106091,1.0690975189208984,d688adbc54141713a128bcc0df06469e6fa8f02c9158a234d818f2678555beb0,2019-09-21 13:25:24
./AndroidAPKSamples/Benign/io.github.ismywebsiteup_11.apk,benign,4.533095440806945,28.03131079673767,5,0,3678,0,3.4044746906015595,1608333,51.28348636627197,f4dab955917ca20fa869c45f9f168d199fb49142a4ec34d1f4290907f2f0946f,2021-03-20 02:27:55
./AndroidAPKSamples/Benign/im.nfc.nfsee_203013.apk,benign,4.227803707452495,3.6711668968200684,1,2,110,0,3.1268240746706817,223958,11.048935890197754,e5d99d11614f63aa1b2521ce1d62f53dc09a4b2dfabcb0e6644427687888b5aa,2022-12-04 11:46:03
./AndroidAPKSamples/Benign/org.godotengine.editor.v3_306002003.apk,benign,4.468320021042321,6.194553852081299,4,2,1181,0,3.439732333843162,294411,35.68407917022705,0f2abd5a54d2eb68af0c3a298e4aaf9f58e182513392fb3c42c75919ffa88f33,2023-03-17 18:20:44
./AndroidAPKSamples/Benign/tech.ula_7438725.apk,benign,4.362331487864011,11.238370895385742,9,0,1185,0,3.4277401916974206,606474,15.385783195495605,18e8d94bbd225f7892b31d6c9fc978e08a4b245be9a4831928b8aa3ea0678ec2,2021-11-24 15:32:10
./AndroidAPKSamples/Benign/org.dyndns.sven_ola.debian_kit_6.apk,benign,1.205806681191144,0.023161888122558594,1,0,0,0,2.7602654920875174,1683,0.48142433166503906,dd95357a21a63baa002920574ba1b491a35c6122fffa4cbc6a1bb9481f9a5929,2016-12-30 19:08:33
./AndroidAPKSamples/Benign/in.andres.kandroid_19.apk,benign,4.272355462333996,5.625329256057739,4,0,349,0,3.3594274044604813,320689,2.5140371322631836,136a796773fbc9f44ed9de3ca4f062b3962c52f6f01d842e3a7dc493feb4d6e1,2018-08-06 05:42:21
./AndroidAPKSamples/Benign/ru.sash0k.bluetooth_terminal_4.apk,benign,1.1914300410468783,0.03246903419494629,2,0,2,0,2.4817316912861416,1805,0.05613136291503906,81963ee770a957cb809362c4190e5d5c6cf58891a58e2c5cac76ebee33538ac8,2023-05-06 07:11:43
./AndroidAPKSamples/Benign/com.cleveroad.sample_1.apk,benign,4.280615500112145,4.15382194519043,3,0,386,0,3.357432044081605,206905,4.315696716308594,eb201828366a155fcfea2766dafb3cdf09f5a13da10c1c32f2a600e5fa73c947,2017-01-03 13:11:20
./AndroidAPKSamples/Benign/fr.ralala.hexviewer_150.apk,benign,4.228301145192362,2.4622888565063477,2,2,55,0,3.153525496473253,203037,9.145816802978516,c094f3c66d850a1f3054d505c34bbcc896a42298315f512682f1ad3f28ade867,2023-11-23 10:22:21
./AndroidAPKSamples/Benign/com.adonai.manman_177.apk,benign,4.218900930160128,4.820940017700195,2,0,99,0,3.215163985553962,339939,2.6428871154785156,d0d943ef25e61255ed72f94dedbf47631b85e0f00464f26995e3067b420ceb1a,2021-09-09 06:14:05
./AndroidAPKSamples/Benign/com.termux.nix_188033.apk,benign,4.277939988798475,5.049728155136108,16,2,349,0,3.358976978796258,310491,3.664724349975586,c62fffc9230b50f38eb2ef27d5996919877a2837c5b5cfe4fe6c219bbdd86182,2023-07-28 14:32:56
./AndroidAPKSamples/Benign/com.manichord.mgit_240.apk,benign,4.336093291617651,19.370243072509766,4,0,3460,0,3.4238570006084954,1252259,10.429383277893066,39120843da48bb63ac665eefa3020ea85c4a5b7826f403295be49f97e57e00ba,2023-01-07 01:35:58
./AndroidAPKSamples/Benign/de.csicar.ning_201.apk,benign,4.325414946396432,11.459352970123291,5,0,1493,0,3.4714400554214078,555577,4.724985122680664,c180553aa9fb67d7254653947c1201fc8f9d8bf451fdd0d63bc68c561a75fd2c,2021-09-10 08:11:39
./AndroidAPKSamples/Benign/ws.xsoh.etar_38.apk,benign,4.3395358601211385,16.211952924728394,14,2,1884,0,3.477939577897091,828852,7.061703681945801,47879dee6f00d9f9f4dccd7548f2c95d619903b138f9dd550ed7e09911a6b3de,2023-11-23 14:57:39
./AndroidAPKSamples/Benign/net.sourceforge.x11basic_165.apk,benign,1.695556424555215,0.08499717712402344,4,0,3,0,2.8799398555359113,4807,2.9757957458496094,a9653150b77cee26e658adb6ede3bd3b8070c6ce26969f05592a12ff3586273d,2022-08-29 17:29:06
./AndroidAPKSamples/Benign/com.asdoi.quicktiles_14.apk,benign,4.282525567059386,3.7237300872802734,7,0,53,0,3.3929354578777637,173323,2.034954071044922,d2c8cec0723aea56f40b0e3e01569cba2f19626e8220de3e2a8ccfcebff2b3d6,2021-12-04 10:08:58
./AndroidAPKSamples/Benign/exa.lnx.a_650.apk,benign,4.334007141165293,11.673640966415405,4,0,1857,0,3.496849497615912,620064,4.537715911865234,725af976287f135eee5e1b6ac4e20d2c48d589e84b3542c258cd5ea841c4c149,2022-11-17 17:05:24
./AndroidAPKSamples/Benign/com.biotstoiq.cryptix_23.apk,benign,4.0561385744472185,2.5599069595336914,0,0,47,0,3.1139617585234745,177927,1.6805830001831055,4edd071f941586d91dc82c64c42c6965ac7a7b70757cfa53d6266cb2b0f9ed46,2022-02-22 04:28:29
./AndroidAPKSamples/Benign/com.foxdebug.acode_323.apk,benign,4.271632857368754,5.42606782913208,4,0,354,0,3.321357180400337,318686,5.224782943725586,99a50477d853e6d80371a3df07ecca44e846c500e0aa3385e83e663040714ec5,2023-10-26 18:30:37
./AndroidAPKSamples/Benign/io.github.hasheazy_10.apk,benign,4.292312116665979,8.08642315864563,0,0,596,0,3.4013184230681013,413615,3.363541603088379,547c19a7b389fb90f46a41fdbaa3fd5bea4ba2589801fa17f5a6b156da8f6e25,2020-08-30 19:48:01
./AndroidAPKSamples/Benign/com.jbirdvegas.mgerrit_2111084.apk,benign,4.272183354404107,14.887795209884644,2,0,1224,0,3.31106284593618,874312,6.10695743560791,af11f610dae1df824c49cf57b6cc1af279fced55defc23e4693e58043b6d4811,2016-07-07 19:30:28
./AndroidAPKSamples/Benign/marto.rtl_tcp_andro_30.apk,benign,4.327456593691142,11.137244939804077,3,0,1400,0,3.480593414780381,569905,4.446812629699707,d741ea33801869754790cce766c187a1f6921925902dec2b02c1aa92c0d4f4bd,2023-10-23 03:16:52
./AndroidAPKSamples/Benign/com.evenement.encapsulation_3.apk,benign,4.253247767418564,3.78367018699646,2,0,289,0,3.3212291615007747,187333,1.5573663711547852,76fe9a0e713fab94fa003a37561e9952d51802c458f9268d97a9080bb5e01c25,2018-02-19 05:43:39
./AndroidAPKSamples/Benign/org.segin.bfinterpreter_9.apk,benign,4.268881363683358,2.594689130783081,0,0,102,0,3.366595242323915,132851,1.2816295623779297,5d9d631bd60f7905d1369116ce077cfa86d2a3a6dfe6833a0c0a7294a25e1b8c,2021-06-22 13:47:34
./AndroidAPKSamples/Benign/com.afollestad.nocknock_30.apk,benign,4.297666847892676,11.506992816925049,3,0,996,0,3.40617694268776,620379,4.070098876953125,e7f93bd725ee3a369d4096fd02a634796940074065b34e99cec9199c6386c64c,2019-03-19 00:08:50
./AndroidAPKSamples/Benign/nl.patrickkostjens.kandroid_20.apk,benign,4.27006244996038,5.790840148925781,3,0,311,0,3.352616077498516,328741,2.5662841796875,1887737f425ced9b4bc7c2feae19bf5452c6530ab7461cd471cc25bac0e1f48e,2020-02-03 00:25:10
./AndroidAPKSamples/Benign/com.tmendes.dadosd_4.apk,benign,0.9394397749094273,0.006446123123168945,0,0,0,0,2.4454002741888115,222,0.042934417724609375,fc5b2785dabae3b824bf309764d99441ea2365db00b664eed25d7eb9b51ad2f7,2017-04-08 01:20:08
./AndroidAPKSamples/Benign/org.gsmlg.semaphore_13.apk,benign,3.346268207646995,1.7350521087646484,1,2,25,0,3.092421269993223,113400,37.32204627990723,e22a5c95842eeebd1dc6ebd94e57b1ff6a94b44f2c8cc037b4c36f6ecc50e265,2023-11-02 05:04:04
./AndroidAPKSamples/Benign/fr.librinfo.evecontrol2_20000.apk,benign,2.4872326099256914,0.40605592727661133,6,0,8,0,3.0368298242834513,15357,5.6842851638793945,5e2b49e59232e24fa6f0cacbb9251f3137f97c00a2fc14c098bea214b94e72a8,2017-11-25 12:12:36
./AndroidAPKSamples/Benign/org.piepmeyer.gauguin_9.apk,benign,4.3650157319909075,15.231679916381836,1,2,2445,0,3.5024478052472388,789141,10.319561004638672,6e89fb80d88a3bcf3bb28c3d6febb6a8989ef2486c3ba6beba639231df865ee1,2023-11-22 01:37:09
./AndroidAPKSamples/Benign/com.sunilpaulmathew.translator_18.apk,benign,4.199321380398336,2.647571086883545,4,0,55,0,3.1684054203607324,180779,2.2338695526123047,ccdd05ca03ec0a0c3c566e51417950242b0a0a57b11351bfb18f7aeae1994f7b,2022-12-31 22:32:06
./AndroidAPKSamples/Benign/org.getdisconnected.libreipsum_104.apk,benign,4.284410981572227,4.32787823677063,0,0,120,0,3.3978495900804635,239888,2.0434770584106445,422f3fc7d9581bfd8334b9949fc71842aef9eed39d74f819dc0b6718c8ca04f4,2020-04-30 01:13:14
./AndroidAPKSamples/Benign/site.leos.apps.lespas_95.apk,benign,4.497648981385777,28.03527283668518,20,0,3940,0,3.430177773299083,1621130,42.26646327972412,77e49a220e651286aa81e89bc968a4e50153d7d236d08a76716d07e53d013d0e,2023-11-29 05:32:45
./AndroidAPKSamples/Benign/me.shrimadhavuk.numselapp_1.apk,benign,2.537713326120717,0.6531040668487549,0,0,7,0,3.3443764715839572,56961,0.7144298553466797,eeefdb676c78fe35a995fc19ccd8796bd2d66e6e711308e4f842e1b9c653b45b,2016-06-24 19:55:56
./AndroidAPKSamples/Benign/com.bec3.mobilite_10310.apk,benign,2.4583326312038025,0.16987085342407227,7,0,8,0,3.030855534609879,9697,6.412361145019531,457ff11470f2a2e178f4e5fa6874468fd42970bf6789f69c705e60e588b9247a,2016-11-27 20:20:58
./AndroidAPKSamples/Benign/com.android.adbkeyboard_2.apk,benign,1.0178593152722686,0.009421110153198242,0,0,0,0,2.634605521064591,298,0.016448974609375,f9446fd3d7f775a764eb0df696b6819a7f3a4ea85bd17871855848ef72d6bb21,2021-07-19 07:21:24
./AndroidAPKSamples/Benign/de.storchp.fdroidbuildstatus_55.apk,benign,4.349319654866555,22.446272134780884,7,2,3285,0,3.5005957194553456,1152437,7.319252014160156,0fe34f11c085d8367ea8f9eaa8e00ab41b45d4ca59a04d66b664fbc072127c7b,2023-11-22 12:00:36
./AndroidAPKSamples/Benign/io.github.lonamiwebs.stringlate_1007.apk,benign,4.2740802278314325,7.3503737449646,4,0,297,0,3.354076599066599,431748,3.260300636291504,09c66c8688579829ff9b3e22efbbb1136be157e2c8be205f6462bb9d999cc7bb,2019-02-26 00:35:19
./AndroidAPKSamples/Benign/com.nomadlabs.labcoat.deeplinks_1.apk,benign,4.26948829227955,3.169018030166626,0,0,139,0,3.3678167357516493,154615,1.3114032745361328,e000d5263f27f3ba77b40c1d717839c5ecc3b7b40a4c5b1f4cb2888a63321fdb,2019-10-10 17:45:47
./AndroidAPKSamples/Benign/com.termux.window_15.apk,benign,4.266914499992557,3.659759283065796,2,2,186,0,3.3501071897994885,222085,2.1248607635498047,e498193f8c0253ab1c0239055e509630a0384e9612b33ccd8543b3341e529a48,2022-01-16 00:36:32
./AndroidAPKSamples/Benign/com.activitymanager_545.apk,benign,4.245330365769668,6.925527811050415,2,2,571,0,3.2668610728385814,449319,4.051492691040039,a13cd7c89d9366e8da5c08addffe180a191f34a431ae09e3cb2c0ef0307d1cfa,2023-10-10 09:05:26
./AndroidAPKSamples/Benign/io.kubenav.kubenav_89.apk,benign,4.694287257573493,3.044912815093994,7,2,55,0,3.1847660201959824,200804,126.81548309326172,a13b5aa7b0b10fdae6957bd3770e8090aec44e02b8e77e80c58d971f3714e2e3,2023-11-24 07:01:50
./AndroidAPKSamples/Benign/com.termux.api_51.apk,benign,4.188117401901144,3.187155246734619,24,2,61,0,3.1318388692624235,224026,2.735565185546875,781ff805619b104115fbf15499414715b4ea6ceb93c4935086a7e35966024f20,2022-01-05 12:38:44
./AndroidAPKSamples/Benign/com.termux.tasker_6.apk,benign,4.274240220601114,3.8599390983581543,1,2,220,0,3.3691822523931743,224248,2.1593751907348633,d7c88cd5adf1a1bf467b775118163b4e6796e4d03a10a4f8aab14003d90d7a02,2022-02-25 17:33:34
./AndroidAPKSamples/Benign/com.garyodernichts.downgrader_2.apk,benign,4.292891276388535,4.9544291496276855,1,0,156,0,3.4192651825723877,253419,2.133366584777832,dbcc19f1b556e58268f5bef7ec2a1daa6de96a757ed1c425ba6aeb1b789313b0,2020-07-17 00:00:45
./AndroidAPKSamples/Benign/org.segin.ttleditor_19.apk,benign,4.2073520372690485,1.5147998332977295,4,0,130,0,3.2133866115097813,63085,0.4664115905761719,1fbd1cb7bfe3aa740b6df76b088fb02fb53a5d31cd04e0148b15dabbae29c3bf,2021-07-24 08:19:43
./AndroidAPKSamples/Benign/cl.coders.faketraveler_9.apk,benign,4.270477280899683,2.930194854736328,4,0,123,0,3.369869309226139,150115,1.3552579879760742,db467170003a43ba1f87b6723c18601a12c5a4407f4be6dc27ae5ab19cdfc403,2023-04-11 08:08:49
./AndroidAPKSamples/Benign/de.grobox.appbundlereporter_2.apk,benign,3.4686848985844843,1.6043691635131836,1,0,33,0,3.0454952270968736,128278,1.3248376846313477,9b2e3a0c446c02b4ef60355680779abf38de3e275f8443ae884734344bd654fc,2020-10-18 21:28:43
./AndroidAPKSamples/Benign/nl.tsmeets.todotree_5.apk,benign,4.312852760241043,7.487575054168701,0,0,1365,0,3.4710867333031024,367681,2.239047050476074,2ddbe960ac469581469f0f0cc43a5074b9d158f78692975ed2ed7a73e3a68477,2023-03-22 08:06:20
./AndroidAPKSamples/Benign/org.kde.necessitas.ministro_14.apk,benign,2.1489880236436747,0.15347981452941895,2,0,1,0,2.9501109972132107,12369,0.5392799377441406,f8782ee6b2d725f926c92062da2602f9619f0a9517777ff890420a4a6e975f9f,2016-11-29 00:01:49
./AndroidAPKSamples/Benign/com.wrmndfzzy.atomize_1.apk,benign,2.605198468894142,1.3772010803222656,2,0,9,0,3.3049031059751988,68306,1.1719608306884766,e5204bf5bf5d6d7cf7a323955431972f7ca1206f567a896d9dd7a29d51924af1,2019-05-03 14:41:05
./AndroidAPKSamples/Benign/tech.platypush.platypush_1000100.apk,benign,4.317391537715959,9.981533765792847,1,0,1269,0,3.462883298370485,502229,3.7620601654052734,3ee70ac0ae8930fc643ea4f331e3faea8fc7ed03f17f3528b17228b3d93dce1e,2021-05-13 15:26:38
./AndroidAPKSamples/Benign/com.example.booklistingapk_2.apk,benign,4.285776854738175,5.334094047546387,2,0,198,0,3.395359347620483,302544,2.503419876098633,6c9d2b01d59966ef64c1c6c58595650509a55f6bcbae0589222be024c1ae4a6a,2020-12-26 20:11:31
./AndroidAPKSamples/Benign/de.k3b.android.contentproviderhelper_5.apk,benign,3.7071870888917755,1.1046738624572754,14,0,37,0,3.2638901238041758,44610,0.6456584930419922,f3c22d728950ff7b91f5e9d5fc42f87fb0b41cab3055e6b059bba94e76afee22,2017-04-30 20:41:15
./AndroidAPKSamples/Benign/com.termux.boot_7.apk,benign,1.0848310022651806,0.009855031967163086,2,0,1,0,2.737025705035436,184,0.009272575378417969,35cae49192d073151e3177956ea4f1d6309c2330fed42ec046cbb44cee072a32,2019-09-29 13:40:07
./AndroidAPKSamples/Benign/click.dummer.UartSmartwatch_32.apk,benign,4.256759457271682,2.639863967895508,3,0,300,0,3.333536363393431,135393,1.3366641998291016,0b2f3120a59f0111769e6f497d3d88f609795d2c1b0586b0ee07ae99382c3191,2018-02-24 21:05:57
./AndroidAPKSamples/Benign/io.github.pd4d10.gittouch_24.apk,benign,3.13957741406842,0.6620707511901855,1,0,20,0,3.1465416120763328,29036,31.924861907958984,e93c669dcd35c1708f63814ef21d4d7465e9e4511b92132a098dd81513cc9397,2021-03-04 17:38:10
./AndroidAPKSamples/Benign/wtf.technodisaster.tldr_10.apk,benign,2.8344056957635075,0.9081768989562988,1,2,14,0,3.0893132701642756,61845,23.18264389038086,7bb0ff3a8c5a1820cb57df9fd7ed4a70569fb5ed74ac37c9108ca2bcd75651bf,2023-09-08 20:43:27
./AndroidAPKSamples/Benign/com.rascarlo.aurdroid_21.apk,benign,4.3303784468662805,16.394805908203125,1,0,2159,0,3.476681989800154,835233,5.324540138244629,961c9cc0a7bfbbbcb7aa2034b2960df68715836b22c86f05de0b8bcaf55c9abf,2020-11-19 23:41:14
./AndroidAPKSamples/Benign/taco.scoop_34.apk,benign,4.273016786584769,3.6661698818206787,5,2,286,0,3.3728742472582747,192208,1.6377887725830078,bf5e0bc82c4809f4c4946eda178d233383d28f352b08804e4338ae2df496d792,2022-09-12 19:14:06
./AndroidAPKSamples/Benign/org.ligi.blexplorer_12.apk,benign,4.262218865965909,5.009771108627319,2,0,423,0,3.338275882972891,266060,2.0730819702148438,92702c612df8e38b92d1582a5c24d7262b0d8e2e9760eddbe86851f43d907195,2016-11-12 01:38:07
./AndroidAPKSamples/Benign/com.termux.styling_31.apk,benign,1.262747695051575,0.05679917335510254,0,0,1,0,2.5339288179687514,1155,31.40487766265869,66abbb79fbffb5dfc38d9db3da88b8a0d31a9e6f7ffe8c68b5b448cda2db3b59,2023-10-31 09:33:00
./AndroidAPKSamples/Benign/eu.dfdx.jslab_1.apk,benign,4.315080471511159,11.31797480583191,1,0,1218,0,3.4558255017478547,597017,3.829181671142578,3db5f2165cb77ade6ac8c21f371613906215c437b74517ef9c02ac2fc0aaf7cd,2022-09-05 19:44:30
./AndroidAPKSamples/Benign/community.peers.license_1.apk,benign,4.256794317456727,3.346503973007202,1,0,308,0,3.332266981052411,160067,1.4388399124145508,942b5f8cba0d0cb6d2e47c7ef0f8cdfafe60f3da8e842e66ac73cb7c22dcd078,2017-06-04 08:52:06
./AndroidAPKSamples/Benign/com.termux_118.apk,benign,4.7488803318764035,4.5801100730896,13,2,300,0,3.3699959510234354,270653,97.02637004852295,822ac152bd7c2d9770b87c1feea03f22f2349a91b94481b268c739493a260f0b,2022-01-12 09:21:31
./AndroidAPKSamples/Benign/com.nathaniel.motus.umlclasseditor_2.apk,benign,4.2956218637760335,6.30505108833313,2,0,206,0,3.4211284038055862,345763,2.5397424697875977,36cf3a2fe985cb886d5895e9e90d3c77476694eebee3e16bdaeae2d106c381b6,2023-10-27 08:47:12
./AndroidAPKSamples/Benign/com.lindevhard.android.raspfinder_3.apk,benign,4.2966239996681,6.419402122497559,6,0,850,0,3.424010015045107,315063,2.5240488052368164,fe3ff838ec928e7c55fa3d14cb5de84b6472c10f2be5523288f8b04805332c91,2020-05-14 00:45:14
./AndroidAPKSamples/Benign/com.vsmartcard.acardemulator_8.apk,benign,4.27618874663917,6.24465274810791,9,0,1050,0,3.3741067662453066,393009,2.179741859436035,54d0a44424e9ff5938ff6c3296d8126460fe94629d8846f2916b7db5685c1421,2022-07-01 23:07:57
./AndroidAPKSamples/Benign/com.mattmaniak.queueToDo_6.apk,benign,2.4534328769408553,0.3420600891113281,0,0,5,0,3.1102061014077114,25165,17.421117782592773,1e9cdd9653305254d2191c862f83842549def0c4a060c51ad3d739f0316b9c55,2021-02-07 11:53:28
./AndroidAPKSamples/Benign/org.gittner.osmbugs_46.apk,benign,4.355933761859889,22.03128409385681,3,0,2489,0,3.45407638619994,1116612,12.131023406982422,3d68a09496bcec80130ee1bcc32c1f495cb4bd9f27f02a0414fed35b5ec801b5,2022-09-27 10:08:22
./AndroidAPKSamples/Benign/eu.roggstar.getmitokens_5.apk,benign,4.2713004591310035,4.10812520980835,0,0,141,0,3.366518402694068,154937,1.7712116241455078,1a92a9db9e0a66350865c4785e03ffd32a66f964671f11ecf72a675920b593dc,2020-07-09 00:48:06
./AndroidAPKSamples/Benign/de.mw136.tonuino_26.apk,benign,4.165801658190888,2.771193027496338,2,0,60,0,3.083326745450765,230502,1.9108257293701172,5bc4f3fe85f0b14b2796428b19551993a21afeb69bb1e23a0fdc9469901f445f,2022-02-09 09:47:09
./AndroidAPKSamples/Benign/com.fredhappyface.fhcode_20230820.apk,benign,4.336659673860054,12.150914907455444,1,2,1610,0,3.5011937184078974,613622,4.742405891418457,19fad2f9379bf4cef77b200fdaf950c127053e2887d73e95e820873b74fe775c,2023-09-10 21:53:44
./AndroidAPKSamples/Benign/com.kpstv.xclipper_11.apk,benign,4.35741107979048,19.585931062698364,7,0,3121,0,3.4974685297708716,928226,9.172076225280762,a437c3ba087951a7f464b3768067fe5373a4b5e00c7063be853446d3b50bf5fc,2021-08-06 04:26:15
./AndroidAPKSamples/Benign/com.team242.robozzle_61.apk,benign,4.24672900225998,6.08945894241333,2,0,244,0,3.2938071702925646,308297,2.310262680053711,8292c97ef9dc9ad33da6c97c3598d863ff5467fff90acea42e5ba7af54b8c37e,2023-10-02 07:20:23
./AndroidAPKSamples/Benign/fr.xgouchet.packageexplorer_19.apk,benign,4.325556843364378,16.745615005493164,3,0,1215,0,3.4710693425182253,733923,4.781167984008789,397598f76b609271d738dc12559e42700d2ad51beba1f31881e46707b641ee6a,2021-02-03 15:49:53
./AndroidAPKSamples/Benign/com.maxistar.textpad_42.apk,benign,4.276421548673964,2.426260232925415,2,0,148,0,3.3841849309853878,153681,1.4704399108886719,060519b4bf845e30720ab703c91aed3fba2ecff4ebbe9c6fcedc6d676d468f68,2023-11-16 14:13:15
./AndroidAPKSamples/Benign/jackpal.androidterm_72.apk,benign,2.76431239396616,1.6262519359588623,5,0,16,0,2.9909395798122667,17925,0.5420103073120117,95095176ca3fa421102352ecaea0fffb6d13527db023967a7cfa280f7bc05cb5,2017-07-19 15:47:30
./AndroidAPKSamples/Benign/de.k3b.android.intentintercept_405.apk,benign,4.265254022893727,1.7882418632507324,1,0,53,0,3.359114779942353,110374,1.1171960830688477,2cc8416a8038a4de004e3825473f147bc5febd2dca442d5a02e61f25cb303188,2023-04-14 10:35:03
./AndroidAPKSamples/Benign/io.github.easyintent.quickref_7.apk,benign,4.284732615760048,4.949013948440552,0,0,161,0,3.3995119916361705,235665,1.983123779296875,25f4d230767c980dfbea9891792741fba097e6d082e778e57caf241092229113,2020-03-18 00:22:38
./AndroidAPKSamples/Benign/io.itch.pirate_solitaire_1.apk,benign,4.3752469825703155,4.593393087387085,0,0,487,0,3.3484616343069735,231592,23.91477394104004,1510f62309e4a8d1899616c335996e761eafb9bc4bbb4d9b5f905eb3011af928,2023-11-13 14:59:48
./AndroidAPKSamples/Benign/com.trianguloy.isUserAMonkey_1.apk,benign,1.2464209980546452,0.015448808670043945,0,0,3,0,2.9178228827314947,318,0.08748340606689453,909438a717328cd9463421b717f573bb617450a22017fc3a042ee6024058c714,2022-03-24 13:17:47
